0,1,2,3,4,5,6,7
1,1,1,1,1,1,monk_1,1
1,1,1,1,1,2,monk_1,1
1,1,1,1,2,1,monk_1,1
1,1,1,1,2,2,monk_1,1
1,1,1,1,3,1,monk_1,1
1,1,1,1,3,2,monk_1,1
1,1,1,1,4,1,monk_1,1
1,1,1,1,4,2,monk_1,1
1,1,1,2,1,1,monk_1,1
1,1,1,2,1,2,monk_1,1
1,1,1,2,2,1,monk_1,1
1,1,1,2,2,2,monk_1,1
1,1,1,2,3,1,monk_1,1
1,1,1,2,3,2,monk_1,1
1,1,1,2,4,1,monk_1,1
1,1,1,2,4,2,monk_1,1
1,1,1,3,1,1,monk_1,1
1,1,1,3,1,2,monk_1,1
1,1,1,3,2,1,monk_1,1
1,1,1,3,2,2,monk_1,1
1,1,1,3,3,1,monk_1,1
1,1,1,3,3,2,monk_1,1
1,1,1,3,4,1,monk_1,1
1,1,1,3,4,2,monk_1,1
1,1,2,1,1,1,monk_1,1
1,1,2,1,1,2,monk_1,1
1,1,2,1,2,1,monk_1,1
1,1,2,1,2,2,monk_1,1
1,1,2,1,3,1,monk_1,1
1,1,2,1,3,2,monk_1,1
1,1,2,1,4,1,monk_1,1
1,1,2,1,4,2,monk_1,1
1,1,2,2,1,1,monk_1,1
1,1,2,2,1,2,monk_1,1
1,1,2,2,2,1,monk_1,1
1,1,2,2,2,2,monk_1,1
1,1,2,2,3,1,monk_1,1
1,1,2,2,3,2,monk_1,1
1,1,2,2,4,1,monk_1,1
1,1,2,2,4,2,monk_1,1
1,1,2,3,1,1,monk_1,1
1,1,2,3,1,2,monk_1,1
1,1,2,3,2,1,monk_1,1
1,1,2,3,2,2,monk_1,1
1,1,2,3,3,1,monk_1,1
1,1,2,3,3,2,monk_1,1
1,1,2,3,4,1,monk_1,1
1,1,2,3,4,2,monk_1,1
1,2,1,1,1,1,monk_1,1
1,2,1,1,1,2,monk_1,1
1,2,1,1,2,1,monk_1,0
1,2,1,1,2,2,monk_1,0
1,2,1,1,3,1,monk_1,0
1,2,1,1,3,2,monk_1,0
1,2,1,1,4,1,monk_1,0
1,2,1,1,4,2,monk_1,0
1,2,1,2,1,1,monk_1,1
1,2,1,2,1,2,monk_1,1
1,2,1,2,2,1,monk_1,0
1,2,1,2,2,2,monk_1,0
1,2,1,2,3,1,monk_1,0
1,2,1,2,3,2,monk_1,0
1,2,1,2,4,1,monk_1,0
1,2,1,2,4,2,monk_1,0
1,2,1,3,1,1,monk_1,1
1,2,1,3,1,2,monk_1,1
1,2,1,3,2,1,monk_1,0
1,2,1,3,2,2,monk_1,0
1,2,1,3,3,1,monk_1,0
1,2,1,3,3,2,monk_1,0
1,2,1,3,4,1,monk_1,0
1,2,1,3,4,2,monk_1,0
1,2,2,1,1,1,monk_1,1
1,2,2,1,1,2,monk_1,1
1,2,2,1,2,1,monk_1,0
1,2,2,1,2,2,monk_1,0
1,2,2,1,3,1,monk_1,0
1,2,2,1,3,2,monk_1,0
1,2,2,1,4,1,monk_1,0
1,2,2,1,4,2,monk_1,0
1,2,2,2,1,1,monk_1,1
1,2,2,2,1,2,monk_1,1
1,2,2,2,2,1,monk_1,0
1,2,2,2,2,2,monk_1,0
1,2,2,2,3,1,monk_1,0
1,2,2,2,3,2,monk_1,0
1,2,2,2,4,1,monk_1,0
1,2,2,2,4,2,monk_1,0
1,2,2,3,1,1,monk_1,1
1,2,2,3,1,2,monk_1,1
1,2,2,3,2,1,monk_1,0
1,2,2,3,2,2,monk_1,0
1,2,2,3,3,1,monk_1,0
1,2,2,3,3,2,monk_1,0
1,2,2,3,4,1,monk_1,0
1,2,2,3,4,2,monk_1,0
1,3,1,1,1,1,monk_1,1
1,3,1,1,1,2,monk_1,1
1,3,1,1,2,1,monk_1,0
1,3,1,1,2,2,monk_1,0
1,3,1,1,3,1,monk_1,0
1,3,1,1,3,2,monk_1,0
1,3,1,1,4,1,monk_1,0
1,3,1,1,4,2,monk_1,0
1,3,1,2,1,1,monk_1,1
1,3,1,2,1,2,monk_1,1
1,3,1,2,2,1,monk_1,0
1,3,1,2,2,2,monk_1,0
1,3,1,2,3,1,monk_1,0
1,3,1,2,3,2,monk_1,0
1,3,1,2,4,1,monk_1,0
1,3,1,2,4,2,monk_1,0
1,3,1,3,1,1,monk_1,1
1,3,1,3,1,2,monk_1,1
1,3,1,3,2,1,monk_1,0
1,3,1,3,2,2,monk_1,0
1,3,1,3,3,1,monk_1,0
1,3,1,3,3,2,monk_1,0
1,3,1,3,4,1,monk_1,0
1,3,1,3,4,2,monk_1,0
1,3,2,1,1,1,monk_1,1
1,3,2,1,1,2,monk_1,1
1,3,2,1,2,1,monk_1,0
1,3,2,1,2,2,monk_1,0
1,3,2,1,3,1,monk_1,0
1,3,2,1,3,2,monk_1,0
1,3,2,1,4,1,monk_1,0
1,3,2,1,4,2,monk_1,0
1,3,2,2,1,1,monk_1,1
1,3,2,2,1,2,monk_1,1
1,3,2,2,2,1,monk_1,0
1,3,2,2,2,2,monk_1,0
1,3,2,2,3,1,monk_1,0
1,3,2,2,3,2,monk_1,0
1,3,2,2,4,1,monk_1,0
1,3,2,2,4,2,monk_1,0
1,3,2,3,1,1,monk_1,1
1,3,2,3,1,2,monk_1,1
1,3,2,3,2,1,monk_1,0
1,3,2,3,2,2,monk_1,0
1,3,2,3,3,1,monk_1,0
1,3,2,3,3,2,monk_1,0
1,3,2,3,4,1,monk_1,0
1,3,2,3,4,2,monk_1,0
2,1,1,1,1,1,monk_1,1
2,1,1,1,1,2,monk_1,1
2,1,1,1,2,1,monk_1,0
2,1,1,1,2,2,monk_1,0
2,1,1,1,3,1,monk_1,0
2,1,1,1,3,2,monk_1,0
2,1,1,1,4,1,monk_1,0
2,1,1,1,4,2,monk_1,0
2,1,1,2,1,1,monk_1,1
2,1,1,2,1,2,monk_1,1
2,1,1,2,2,1,monk_1,0
2,1,1,2,2,2,monk_1,0
2,1,1,2,3,1,monk_1,0
2,1,1,2,3,2,monk_1,0
2,1,1,2,4,1,monk_1,0
2,1,1,2,4,2,monk_1,0
2,1,1,3,1,1,monk_1,1
2,1,1,3,1,2,monk_1,1
2,1,1,3,2,1,monk_1,0
2,1,1,3,2,2,monk_1,0
2,1,1,3,3,1,monk_1,0
2,1,1,3,3,2,monk_1,0
2,1,1,3,4,1,monk_1,0
2,1,1,3,4,2,monk_1,0
2,1,2,1,1,1,monk_1,1
2,1,2,1,1,2,monk_1,1
2,1,2,1,2,1,monk_1,0
2,1,2,1,2,2,monk_1,0
2,1,2,1,3,1,monk_1,0
2,1,2,1,3,2,monk_1,0
2,1,2,1,4,1,monk_1,0
2,1,2,1,4,2,monk_1,0
2,1,2,2,1,1,monk_1,1
2,1,2,2,1,2,monk_1,1
2,1,2,2,2,1,monk_1,0
2,1,2,2,2,2,monk_1,0
2,1,2,2,3,1,monk_1,0
2,1,2,2,3,2,monk_1,0
2,1,2,2,4,1,monk_1,0
2,1,2,2,4,2,monk_1,0
2,1,2,3,1,1,monk_1,1
2,1,2,3,1,2,monk_1,1
2,1,2,3,2,1,monk_1,0
2,1,2,3,2,2,monk_1,0
2,1,2,3,3,1,monk_1,0
2,1,2,3,3,2,monk_1,0
2,1,2,3,4,1,monk_1,0
2,1,2,3,4,2,monk_1,0
2,2,1,1,1,1,monk_1,1
2,2,1,1,1,2,monk_1,1
2,2,1,1,2,1,monk_1,1
2,2,1,1,2,2,monk_1,1
2,2,1,1,3,1,monk_1,1
2,2,1,1,3,2,monk_1,1
2,2,1,1,4,1,monk_1,1
2,2,1,1,4,2,monk_1,1
2,2,1,2,1,1,monk_1,1
2,2,1,2,1,2,monk_1,1
2,2,1,2,2,1,monk_1,1
2,2,1,2,2,2,monk_1,1
2,2,1,2,3,1,monk_1,1
2,2,1,2,3,2,monk_1,1
2,2,1,2,4,1,monk_1,1
2,2,1,2,4,2,monk_1,1
2,2,1,3,1,1,monk_1,1
2,2,1,3,1,2,monk_1,1
2,2,1,3,2,1,monk_1,1
2,2,1,3,2,2,monk_1,1
2,2,1,3,3,1,monk_1,1
2,2,1,3,3,2,monk_1,1
2,2,1,3,4,1,monk_1,1
2,2,1,3,4,2,monk_1,1
2,2,2,1,1,1,monk_1,1
2,2,2,1,1,2,monk_1,1
2,2,2,1,2,1,monk_1,1
2,2,2,1,2,2,monk_1,1
2,2,2,1,3,1,monk_1,1
2,2,2,1,3,2,monk_1,1
2,2,2,1,4,1,monk_1,1
2,2,2,1,4,2,monk_1,1
2,2,2,2,1,1,monk_1,1
2,2,2,2,1,2,monk_1,1
2,2,2,2,2,1,monk_1,1
2,2,2,2,2,2,monk_1,1
2,2,2,2,3,1,monk_1,1
2,2,2,2,3,2,monk_1,1
2,2,2,2,4,1,monk_1,1
2,2,2,2,4,2,monk_1,1
2,2,2,3,1,1,monk_1,1
2,2,2,3,1,2,monk_1,1
2,2,2,3,2,1,monk_1,1
2,2,2,3,2,2,monk_1,1
2,2,2,3,3,1,monk_1,1
2,2,2,3,3,2,monk_1,1
2,2,2,3,4,1,monk_1,1
2,2,2,3,4,2,monk_1,1
2,3,1,1,1,1,monk_1,1
2,3,1,1,1,2,monk_1,1
2,3,1,1,2,1,monk_1,0
2,3,1,1,2,2,monk_1,0
2,3,1,1,3,1,monk_1,0
2,3,1,1,3,2,monk_1,0
2,3,1,1,4,1,monk_1,0
2,3,1,1,4,2,monk_1,0
2,3,1,2,1,1,monk_1,1
2,3,1,2,1,2,monk_1,1
2,3,1,2,2,1,monk_1,0
2,3,1,2,2,2,monk_1,0
2,3,1,2,3,1,monk_1,0
2,3,1,2,3,2,monk_1,0
2,3,1,2,4,1,monk_1,0
2,3,1,2,4,2,monk_1,0
2,3,1,3,1,1,monk_1,1
2,3,1,3,1,2,monk_1,1
2,3,1,3,2,1,monk_1,0
2,3,1,3,2,2,monk_1,0
2,3,1,3,3,1,monk_1,0
2,3,1,3,3,2,monk_1,0
2,3,1,3,4,1,monk_1,0
2,3,1,3,4,2,monk_1,0
2,3,2,1,1,1,monk_1,1
2,3,2,1,1,2,monk_1,1
2,3,2,1,2,1,monk_1,0
2,3,2,1,2,2,monk_1,0
2,3,2,1,3,1,monk_1,0
2,3,2,1,3,2,monk_1,0
2,3,2,1,4,1,monk_1,0
2,3,2,1,4,2,monk_1,0
2,3,2,2,1,1,monk_1,1
2,3,2,2,1,2,monk_1,1
2,3,2,2,2,1,monk_1,0
2,3,2,2,2,2,monk_1,0
2,3,2,2,3,1,monk_1,0
2,3,2,2,3,2,monk_1,0
2,3,2,2,4,1,monk_1,0
2,3,2,2,4,2,monk_1,0
2,3,2,3,1,1,monk_1,1
2,3,2,3,1,2,monk_1,1
2,3,2,3,2,1,monk_1,0
2,3,2,3,2,2,monk_1,0
2,3,2,3,3,1,monk_1,0
2,3,2,3,3,2,monk_1,0
2,3,2,3,4,1,monk_1,0
2,3,2,3,4,2,monk_1,0
3,1,1,1,1,1,monk_1,1
3,1,1,1,1,2,monk_1,1
3,1,1,1,2,1,monk_1,0
3,1,1,1,2,2,monk_1,0
3,1,1,1,3,1,monk_1,0
3,1,1,1,3,2,monk_1,0
3,1,1,1,4,1,monk_1,0
3,1,1,1,4,2,monk_1,0
3,1,1,2,1,1,monk_1,1
3,1,1,2,1,2,monk_1,1
3,1,1,2,2,1,monk_1,0
3,1,1,2,2,2,monk_1,0
3,1,1,2,3,1,monk_1,0
3,1,1,2,3,2,monk_1,0
3,1,1,2,4,1,monk_1,0
3,1,1,2,4,2,monk_1,0
3,1,1,3,1,1,monk_1,1
3,1,1,3,1,2,monk_1,1
3,1,1,3,2,1,monk_1,0
3,1,1,3,2,2,monk_1,0
3,1,1,3,3,1,monk_1,0
3,1,1,3,3,2,monk_1,0
3,1,1,3,4,1,monk_1,0
3,1,1,3,4,2,monk_1,0
3,1,2,1,1,1,monk_1,1
3,1,2,1,1,2,monk_1,1
3,1,2,1,2,1,monk_1,0
3,1,2,1,2,2,monk_1,0
3,1,2,1,3,1,monk_1,0
3,1,2,1,3,2,monk_1,0
3,1,2,1,4,1,monk_1,0
3,1,2,1,4,2,monk_1,0
3,1,2,2,1,1,monk_1,1
3,1,2,2,1,2,monk_1,1
3,1,2,2,2,1,monk_1,0
3,1,2,2,2,2,monk_1,0
3,1,2,2,3,1,monk_1,0
3,1,2,2,3,2,monk_1,0
3,1,2,2,4,1,monk_1,0
3,1,2,2,4,2,monk_1,0
3,1,2,3,1,1,monk_1,1
3,1,2,3,1,2,monk_1,1
3,1,2,3,2,1,monk_1,0
3,1,2,3,2,2,monk_1,0
3,1,2,3,3,1,monk_1,0
3,1,2,3,3,2,monk_1,0
3,1,2,3,4,1,monk_1,0
3,1,2,3,4,2,monk_1,0
3,2,1,1,1,1,monk_1,1
3,2,1,1,1,2,monk_1,1
3,2,1,1,2,1,monk_1,0
3,2,1,1,2,2,monk_1,0
3,2,1,1,3,1,monk_1,0
3,2,1,1,3,2,monk_1,0
3,2,1,1,4,1,monk_1,0
3,2,1,1,4,2,monk_1,0
3,2,1,2,1,1,monk_1,1
3,2,1,2,1,2,monk_1,1
3,2,1,2,2,1,monk_1,0
3,2,1,2,2,2,monk_1,0
3,2,1,2,3,1,monk_1,0
3,2,1,2,3,2,monk_1,0
3,2,1,2,4,1,monk_1,0
3,2,1,2,4,2,monk_1,0
3,2,1,3,1,1,monk_1,1
3,2,1,3,1,2,monk_1,1
3,2,1,3,2,1,monk_1,0
3,2,1,3,2,2,monk_1,0
3,2,1,3,3,1,monk_1,0
3,2,1,3,3,2,monk_1,0
3,2,1,3,4,1,monk_1,0
3,2,1,3,4,2,monk_1,0
3,2,2,1,1,1,monk_1,1
3,2,2,1,1,2,monk_1,1
3,2,2,1,2,1,monk_1,0
3,2,2,1,2,2,monk_1,0
3,2,2,1,3,1,monk_1,0
3,2,2,1,3,2,monk_1,0
3,2,2,1,4,1,monk_1,0
3,2,2,1,4,2,monk_1,0
3,2,2,2,1,1,monk_1,1
3,2,2,2,1,2,monk_1,1
3,2,2,2,2,1,monk_1,0
3,2,2,2,2,2,monk_1,0
3,2,2,2,3,1,monk_1,0
3,2,2,2,3,2,monk_1,0
3,2,2,2,4,1,monk_1,0
3,2,2,2,4,2,monk_1,0
3,2,2,3,1,1,monk_1,1
3,2,2,3,1,2,monk_1,1
3,2,2,3,2,1,monk_1,0
3,2,2,3,2,2,monk_1,0
3,2,2,3,3,1,monk_1,0
3,2,2,3,3,2,monk_1,0
3,2,2,3,4,1,monk_1,0
3,2,2,3,4,2,monk_1,0
3,3,1,1,1,1,monk_1,1
3,3,1,1,1,2,monk_1,1
3,3,1,1,2,1,monk_1,1
3,3,1,1,2,2,monk_1,1
3,3,1,1,3,1,monk_1,1
3,3,1,1,3,2,monk_1,1
3,3,1,1,4,1,monk_1,1
3,3,1,1,4,2,monk_1,1
3,3,1,2,1,1,monk_1,1
3,3,1,2,1,2,monk_1,1
3,3,1,2,2,1,monk_1,1
3,3,1,2,2,2,monk_1,1
3,3,1,2,3,1,monk_1,1
3,3,1,2,3,2,monk_1,1
3,3,1,2,4,1,monk_1,1
3,3,1,2,4,2,monk_1,1
3,3,1,3,1,1,monk_1,1
3,3,1,3,1,2,monk_1,1
3,3,1,3,2,1,monk_1,1
3,3,1,3,2,2,monk_1,1
3,3,1,3,3,1,monk_1,1
3,3,1,3,3,2,monk_1,1
3,3,1,3,4,1,monk_1,1
3,3,1,3,4,2,monk_1,1
3,3,2,1,1,1,monk_1,1
3,3,2,1,1,2,monk_1,1
3,3,2,1,2,1,monk_1,1
3,3,2,1,2,2,monk_1,1
3,3,2,1,3,1,monk_1,1
3,3,2,1,3,2,monk_1,1
3,3,2,1,4,1,monk_1,1
3,3,2,1,4,2,monk_1,1
3,3,2,2,1,1,monk_1,1
3,3,2,2,1,2,monk_1,1
3,3,2,2,2,1,monk_1,1
3,3,2,2,2,2,monk_1,1
3,3,2,2,3,1,monk_1,1
3,3,2,2,3,2,monk_1,1
3,3,2,2,4,1,monk_1,1
3,3,2,2,4,2,monk_1,1
3,3,2,3,1,1,monk_1,1
3,3,2,3,1,2,monk_1,1
3,3,2,3,2,1,monk_1,1
3,3,2,3,2,2,monk_1,1
3,3,2,3,3,1,monk_1,1
3,3,2,3,3,2,monk_1,1
3,3,2,3,4,1,monk_1,1
3,3,2,3,4,2,monk_1,1
1,1,1,1,3,1,monk_1,1
1,1,1,1,3,2,monk_1,1
1,1,1,3,2,1,monk_1,1
1,1,1,3,3,2,monk_1,1
1,1,2,1,2,1,monk_1,1
1,1,2,1,2,2,monk_1,1
1,1,2,2,3,1,monk_1,1
1,1,2,2,4,1,monk_1,1
1,1,2,3,1,2,monk_1,1
1,2,1,1,1,2,monk_1,1
1,2,1,1,2,1,monk_1,0
1,2,1,1,3,1,monk_1,0
1,2,1,1,4,2,monk_1,0
1,2,1,2,1,1,monk_1,1
1,2,1,2,3,1,monk_1,0
1,2,1,2,3,2,monk_1,0
1,2,1,2,4,2,monk_1,0
1,2,1,3,2,1,monk_1,0
1,2,1,3,4,2,monk_1,0
1,2,2,1,2,2,monk_1,0
1,2,2,2,3,2,monk_1,0
1,2,2,2,4,1,monk_1,0
1,2,2,2,4,2,monk_1,0
1,2,2,3,2,2,monk_1,0
1,2,2,3,3,1,monk_1,0
1,2,2,3,3,2,monk_1,0
1,3,1,1,2,1,monk_1,0
1,3,1,1,4,1,monk_1,0
1,3,1,2,2,1,monk_1,0
1,3,1,2,4,1,monk_1,0
1,3,1,3,1,2,monk_1,1
1,3,1,3,2,2,monk_1,0
1,3,1,3,3,1,monk_1,0
1,3,1,3,4,1,monk_1,0
1,3,1,3,4,2,monk_1,0
1,3,2,1,2,2,monk_1,0
1,3,2,2,1,2,monk_1,1
1,3,2,2,2,2,monk_1,0
1,3,2,2,3,2,monk_1,0
1,3,2,2,4,1,monk_1,0
1,3,2,2,4,2,monk_1,0
1,3,2,3,1,1,monk_1,1
1,3,2,3,2,1,monk_1,0
1,3,2,3,4,1,monk_1,0
1,3,2,3,4,2,monk_1,0
2,1,1,1,3,1,monk_1,0
2,1,1,1,3,2,monk_1,0
2,1,1,2,1,1,monk_1,1
2,1,1,2,1,2,monk_1,1
2,1,1,2,2,2,monk_1,0
2,1,1,2,3,1,monk_1,0
2,1,1,2,4,1,monk_1,0
2,1,1,2,4,2,monk_1,0
2,1,1,3,4,1,monk_1,0
2,1,2,1,2,2,monk_1,0
2,1,2,1,3,1,monk_1,0
2,1,2,1,4,2,monk_1,0
2,1,2,2,3,1,monk_1,0
2,1,2,2,4,2,monk_1,0
2,1,2,3,2,2,monk_1,0
2,1,2,3,4,1,monk_1,0
2,2,1,1,2,1,monk_1,1
2,2,1,1,2,2,monk_1,1
2,2,1,1,3,1,monk_1,1
2,2,1,2,3,2,monk_1,1
2,2,1,3,1,1,monk_1,1
2,2,1,3,1,2,monk_1,1
2,2,1,3,2,2,monk_1,1
2,2,1,3,3,2,monk_1,1
2,2,1,3,4,2,monk_1,1
2,2,2,1,1,1,monk_1,1
2,2,2,1,3,2,monk_1,1
2,2,2,1,4,1,monk_1,1
2,2,2,1,4,2,monk_1,1
2,2,2,2,2,1,monk_1,1
2,2,2,3,4,1,monk_1,1
2,3,1,1,1,1,monk_1,1
2,3,1,2,1,1,monk_1,1
2,3,1,2,3,1,monk_1,0
2,3,1,3,1,2,monk_1,1
2,3,1,3,3,1,monk_1,0
2,3,1,3,4,2,monk_1,0
2,3,2,1,3,2,monk_1,0
2,3,2,2,1,1,monk_1,1
2,3,2,2,1,2,monk_1,1
2,3,2,2,2,1,monk_1,0
2,3,2,3,3,2,monk_1,0
3,1,1,1,1,1,monk_1,1
3,1,1,1,1,2,monk_1,1
3,1,1,2,1,1,monk_1,1
3,1,1,2,2,2,monk_1,0
3,1,1,3,2,2,monk_1,0
3,1,2,1,1,1,monk_1,1
3,1,2,1,2,2,monk_1,0
3,1,2,2,2,2,monk_1,0
3,1,2,2,3,2,monk_1,0
3,1,2,3,2,2,monk_1,0
3,2,1,1,1,1,monk_1,1
3,2,1,1,4,2,monk_1,0
3,2,1,2,1,2,monk_1,1
3,2,1,2,4,2,monk_1,0
3,2,2,1,1,1,monk_1,1
3,2,2,1,1,2,monk_1,1
3,2,2,1,3,2,monk_1,0
3,2,2,3,1,1,monk_1,1
3,2,2,3,2,1,monk_1,0
3,2,2,3,4,1,monk_1,0
3,3,1,1,1,1,monk_1,1
3,3,1,1,2,1,monk_1,1
3,3,1,1,4,2,monk_1,1
3,3,1,2,3,2,monk_1,1
3,3,1,2,4,2,monk_1,1
3,3,1,3,1,2,monk_1,1
3,3,1,3,2,1,monk_1,1
3,3,1,3,2,2,monk_1,1
3,3,1,3,4,2,monk_1,1
3,3,2,1,1,1,monk_1,1
3,3,2,1,3,2,monk_1,1
3,3,2,1,4,1,monk_1,1
3,3,2,1,4,2,monk_1,1
3,3,2,3,1,2,monk_1,1
3,3,2,3,2,2,monk_1,1
3,3,2,3,3,2,monk_1,1
3,3,2,3,4,2,monk_1,1
1,1,1,1,1,1,monk_2,0
1,1,1,1,1,2,monk_2,0
1,1,1,1,2,1,monk_2,0
1,1,1,1,2,2,monk_2,0
1,1,1,1,3,1,monk_2,0
1,1,1,1,3,2,monk_2,0
1,1,1,1,4,1,monk_2,0
1,1,1,1,4,2,monk_2,0
1,1,1,2,1,1,monk_2,0
1,1,1,2,1,2,monk_2,0
1,1,1,2,2,1,monk_2,0
1,1,1,2,2,2,monk_2,0
1,1,1,2,3,1,monk_2,0
1,1,1,2,3,2,monk_2,0
1,1,1,2,4,1,monk_2,0
1,1,1,2,4,2,monk_2,0
1,1,1,3,1,1,monk_2,0
1,1,1,3,1,2,monk_2,0
1,1,1,3,2,1,monk_2,0
1,1,1,3,2,2,monk_2,0
1,1,1,3,3,1,monk_2,0
1,1,1,3,3,2,monk_2,0
1,1,1,3,4,1,monk_2,0
1,1,1,3,4,2,monk_2,0
1,1,2,1,1,1,monk_2,0
1,1,2,1,1,2,monk_2,0
1,1,2,1,2,1,monk_2,0
1,1,2,1,2,2,monk_2,0
1,1,2,1,3,1,monk_2,0
1,1,2,1,3,2,monk_2,0
1,1,2,1,4,1,monk_2,0
1,1,2,1,4,2,monk_2,0
1,1,2,2,1,1,monk_2,0
1,1,2,2,1,2,monk_2,0
1,1,2,2,2,1,monk_2,0
1,1,2,2,2,2,monk_2,1
1,1,2,2,3,1,monk_2,0
1,1,2,2,3,2,monk_2,1
1,1,2,2,4,1,monk_2,0
1,1,2,2,4,2,monk_2,1
1,1,2,3,1,1,monk_2,0
1,1,2,3,1,2,monk_2,0
1,1,2,3,2,1,monk_2,0
1,1,2,3,2,2,monk_2,1
1,1,2,3,3,1,monk_2,0
1,1,2,3,3,2,monk_2,1
1,1,2,3,4,1,monk_2,0
1,1,2,3,4,2,monk_2,1
1,2,1,1,1,1,monk_2,0
1,2,1,1,1,2,monk_2,0
1,2,1,1,2,1,monk_2,0
1,2,1,1,2,2,monk_2,0
1,2,1,1,3,1,monk_2,0
1,2,1,1,3,2,monk_2,0
1,2,1,1,4,1,monk_2,0
1,2,1,1,4,2,monk_2,0
1,2,1,2,1,1,monk_2,0
1,2,1,2,1,2,monk_2,0
1,2,1,2,2,1,monk_2,0
1,2,1,2,2,2,monk_2,1
1,2,1,2,3,1,monk_2,0
1,2,1,2,3,2,monk_2,1
1,2,1,2,4,1,monk_2,0
1,2,1,2,4,2,monk_2,1
1,2,1,3,1,1,monk_2,0
1,2,1,3,1,2,monk_2,0
1,2,1,3,2,1,monk_2,0
1,2,1,3,2,2,monk_2,1
1,2,1,3,3,1,monk_2,0
1,2,1,3,3,2,monk_2,1
1,2,1,3,4,1,monk_2,0
1,2,1,3,4,2,monk_2,1
1,2,2,1,1,1,monk_2,0
1,2,2,1,1,2,monk_2,0
1,2,2,1,2,1,monk_2,0
1,2,2,1,2,2,monk_2,1
1,2,2,1,3,1,monk_2,0
1,2,2,1,3,2,monk_2,1
1,2,2,1,4,1,monk_2,0
1,2,2,1,4,2,monk_2,1
1,2,2,2,1,1,monk_2,0
1,2,2,2,1,2,monk_2,1
1,2,2,2,2,1,monk_2,1
1,2,2,2,2,2,monk_2,0
1,2,2,2,3,1,monk_2,1
1,2,2,2,3,2,monk_2,0
1,2,2,2,4,1,monk_2,1
1,2,2,2,4,2,monk_2,0
1,2,2,3,1,1,monk_2,0
1,2,2,3,1,2,monk_2,1
1,2,2,3,2,1,monk_2,1
1,2,2,3,2,2,monk_2,0
1,2,2,3,3,1,monk_2,1
1,2,2,3,3,2,monk_2,0
1,2,2,3,4,1,monk_2,1
1,2,2,3,4,2,monk_2,0
1,3,1,1,1,1,monk_2,0
1,3,1,1,1,2,monk_2,0
1,3,1,1,2,1,monk_2,0
1,3,1,1,2,2,monk_2,0
1,3,1,1,3,1,monk_2,0
1,3,1,1,3,2,monk_2,0
1,3,1,1,4,1,monk_2,0
1,3,1,1,4,2,monk_2,0
1,3,1,2,1,1,monk_2,0
1,3,1,2,1,2,monk_2,0
1,3,1,2,2,1,monk_2,0
1,3,1,2,2,2,monk_2,1
1,3,1,2,3,1,monk_2,0
1,3,1,2,3,2,monk_2,1
1,3,1,2,4,1,monk_2,0
1,3,1,2,4,2,monk_2,1
1,3,1,3,1,1,monk_2,0
1,3,1,3,1,2,monk_2,0
1,3,1,3,2,1,monk_2,0
1,3,1,3,2,2,monk_2,1
1,3,1,3,3,1,monk_2,0
1,3,1,3,3,2,monk_2,1
1,3,1,3,4,1,monk_2,0
1,3,1,3,4,2,monk_2,1
1,3,2,1,1,1,monk_2,0
1,3,2,1,1,2,monk_2,0
1,3,2,1,2,1,monk_2,0
1,3,2,1,2,2,monk_2,1
1,3,2,1,3,1,monk_2,0
1,3,2,1,3,2,monk_2,1
1,3,2,1,4,1,monk_2,0
1,3,2,1,4,2,monk_2,1
1,3,2,2,1,1,monk_2,0
1,3,2,2,1,2,monk_2,1
1,3,2,2,2,1,monk_2,1
1,3,2,2,2,2,monk_2,0
1,3,2,2,3,1,monk_2,1
1,3,2,2,3,2,monk_2,0
1,3,2,2,4,1,monk_2,1
1,3,2,2,4,2,monk_2,0
1,3,2,3,1,1,monk_2,0
1,3,2,3,1,2,monk_2,1
1,3,2,3,2,1,monk_2,1
1,3,2,3,2,2,monk_2,0
1,3,2,3,3,1,monk_2,1
1,3,2,3,3,2,monk_2,0
1,3,2,3,4,1,monk_2,1
1,3,2,3,4,2,monk_2,0
2,1,1,1,1,1,monk_2,0
2,1,1,1,1,2,monk_2,0
2,1,1,1,2,1,monk_2,0
2,1,1,1,2,2,monk_2,0
2,1,1,1,3,1,monk_2,0
2,1,1,1,3,2,monk_2,0
2,1,1,1,4,1,monk_2,0
2,1,1,1,4,2,monk_2,0
2,1,1,2,1,1,monk_2,0
2,1,1,2,1,2,monk_2,0
2,1,1,2,2,1,monk_2,0
2,1,1,2,2,2,monk_2,1
2,1,1,2,3,1,monk_2,0
2,1,1,2,3,2,monk_2,1
2,1,1,2,4,1,monk_2,0
2,1,1,2,4,2,monk_2,1
2,1,1,3,1,1,monk_2,0
2,1,1,3,1,2,monk_2,0
2,1,1,3,2,1,monk_2,0
2,1,1,3,2,2,monk_2,1
2,1,1,3,3,1,monk_2,0
2,1,1,3,3,2,monk_2,1
2,1,1,3,4,1,monk_2,0
2,1,1,3,4,2,monk_2,1
2,1,2,1,1,1,monk_2,0
2,1,2,1,1,2,monk_2,0
2,1,2,1,2,1,monk_2,0
2,1,2,1,2,2,monk_2,1
2,1,2,1,3,1,monk_2,0
2,1,2,1,3,2,monk_2,1
2,1,2,1,4,1,monk_2,0
2,1,2,1,4,2,monk_2,1
2,1,2,2,1,1,monk_2,0
2,1,2,2,1,2,monk_2,1
2,1,2,2,2,1,monk_2,1
2,1,2,2,2,2,monk_2,0
2,1,2,2,3,1,monk_2,1
2,1,2,2,3,2,monk_2,0
2,1,2,2,4,1,monk_2,1
2,1,2,2,4,2,monk_2,0
2,1,2,3,1,1,monk_2,0
2,1,2,3,1,2,monk_2,1
2,1,2,3,2,1,monk_2,1
2,1,2,3,2,2,monk_2,0
2,1,2,3,3,1,monk_2,1
2,1,2,3,3,2,monk_2,0
2,1,2,3,4,1,monk_2,1
2,1,2,3,4,2,monk_2,0
2,2,1,1,1,1,monk_2,0
2,2,1,1,1,2,monk_2,0
2,2,1,1,2,1,monk_2,0
2,2,1,1,2,2,monk_2,1
2,2,1,1,3,1,monk_2,0
2,2,1,1,3,2,monk_2,1
2,2,1,1,4,1,monk_2,0
2,2,1,1,4,2,monk_2,1
2,2,1,2,1,1,monk_2,0
2,2,1,2,1,2,monk_2,1
2,2,1,2,2,1,monk_2,1
2,2,1,2,2,2,monk_2,0
2,2,1,2,3,1,monk_2,1
2,2,1,2,3,2,monk_2,0
2,2,1,2,4,1,monk_2,1
2,2,1,2,4,2,monk_2,0
2,2,1,3,1,1,monk_2,0
2,2,1,3,1,2,monk_2,1
2,2,1,3,2,1,monk_2,1
2,2,1,3,2,2,monk_2,0
2,2,1,3,3,1,monk_2,1
2,2,1,3,3,2,monk_2,0
2,2,1,3,4,1,monk_2,1
2,2,1,3,4,2,monk_2,0
2,2,2,1,1,1,monk_2,0
2,2,2,1,1,2,monk_2,1
2,2,2,1,2,1,monk_2,1
2,2,2,1,2,2,monk_2,0
2,2,2,1,3,1,monk_2,1
2,2,2,1,3,2,monk_2,0
2,2,2,1,4,1,monk_2,1
2,2,2,1,4,2,monk_2,0
2,2,2,2,1,1,monk_2,1
2,2,2,2,1,2,monk_2,0
2,2,2,2,2,1,monk_2,0
2,2,2,2,2,2,monk_2,0
2,2,2,2,3,1,monk_2,0
2,2,2,2,3,2,monk_2,0
2,2,2,2,4,1,monk_2,0
2,2,2,2,4,2,monk_2,0
2,2,2,3,1,1,monk_2,1
2,2,2,3,1,2,monk_2,0
2,2,2,3,2,1,monk_2,0
2,2,2,3,2,2,monk_2,0
2,2,2,3,3,1,monk_2,0
2,2,2,3,3,2,monk_2,0
2,2,2,3,4,1,monk_2,0
2,2,2,3,4,2,monk_2,0
2,3,1,1,1,1,monk_2,0
2,3,1,1,1,2,monk_2,0
2,3,1,1,2,1,monk_2,0
2,3,1,1,2,2,monk_2,1
2,3,1,1,3,1,monk_2,0
2,3,1,1,3,2,monk_2,1
2,3,1,1,4,1,monk_2,0
2,3,1,1,4,2,monk_2,1
2,3,1,2,1,1,monk_2,0
2,3,1,2,1,2,monk_2,1
2,3,1,2,2,1,monk_2,1
2,3,1,2,2,2,monk_2,0
2,3,1,2,3,1,monk_2,1
2,3,1,2,3,2,monk_2,0
2,3,1,2,4,1,monk_2,1
2,3,1,2,4,2,monk_2,0
2,3,1,3,1,1,monk_2,0
2,3,1,3,1,2,monk_2,1
2,3,1,3,2,1,monk_2,1
2,3,1,3,2,2,monk_2,0
2,3,1,3,3,1,monk_2,1
2,3,1,3,3,2,monk_2,0
2,3,1,3,4,1,monk_2,1
2,3,1,3,4,2,monk_2,0
2,3,2,1,1,1,monk_2,0
2,3,2,1,1,2,monk_2,1
2,3,2,1,2,1,monk_2,1
2,3,2,1,2,2,monk_2,0
2,3,2,1,3,1,monk_2,1
2,3,2,1,3,2,monk_2,0
2,3,2,1,4,1,monk_2,1
2,3,2,1,4,2,monk_2,0
2,3,2,2,1,1,monk_2,1
2,3,2,2,1,2,monk_2,0
2,3,2,2,2,1,monk_2,0
2,3,2,2,2,2,monk_2,0
2,3,2,2,3,1,monk_2,0
2,3,2,2,3,2,monk_2,0
2,3,2,2,4,1,monk_2,0
2,3,2,2,4,2,monk_2,0
2,3,2,3,1,1,monk_2,1
2,3,2,3,1,2,monk_2,0
2,3,2,3,2,1,monk_2,0
2,3,2,3,2,2,monk_2,0
2,3,2,3,3,1,monk_2,0
2,3,2,3,3,2,monk_2,0
2,3,2,3,4,1,monk_2,0
2,3,2,3,4,2,monk_2,0
3,1,1,1,1,1,monk_2,0
3,1,1,1,1,2,monk_2,0
3,1,1,1,2,1,monk_2,0
3,1,1,1,2,2,monk_2,0
3,1,1,1,3,1,monk_2,0
3,1,1,1,3,2,monk_2,0
3,1,1,1,4,1,monk_2,0
3,1,1,1,4,2,monk_2,0
3,1,1,2,1,1,monk_2,0
3,1,1,2,1,2,monk_2,0
3,1,1,2,2,1,monk_2,0
3,1,1,2,2,2,monk_2,1
3,1,1,2,3,1,monk_2,0
3,1,1,2,3,2,monk_2,1
3,1,1,2,4,1,monk_2,0
3,1,1,2,4,2,monk_2,1
3,1,1,3,1,1,monk_2,0
3,1,1,3,1,2,monk_2,0
3,1,1,3,2,1,monk_2,0
3,1,1,3,2,2,monk_2,1
3,1,1,3,3,1,monk_2,0
3,1,1,3,3,2,monk_2,1
3,1,1,3,4,1,monk_2,0
3,1,1,3,4,2,monk_2,1
3,1,2,1,1,1,monk_2,0
3,1,2,1,1,2,monk_2,0
3,1,2,1,2,1,monk_2,0
3,1,2,1,2,2,monk_2,1
3,1,2,1,3,1,monk_2,0
3,1,2,1,3,2,monk_2,1
3,1,2,1,4,1,monk_2,0
3,1,2,1,4,2,monk_2,1
3,1,2,2,1,1,monk_2,0
3,1,2,2,1,2,monk_2,1
3,1,2,2,2,1,monk_2,1
3,1,2,2,2,2,monk_2,0
3,1,2,2,3,1,monk_2,1
3,1,2,2,3,2,monk_2,0
3,1,2,2,4,1,monk_2,1
3,1,2,2,4,2,monk_2,0
3,1,2,3,1,1,monk_2,0
3,1,2,3,1,2,monk_2,1
3,1,2,3,2,1,monk_2,1
3,1,2,3,2,2,monk_2,0
3,1,2,3,3,1,monk_2,1
3,1,2,3,3,2,monk_2,0
3,1,2,3,4,1,monk_2,1
3,1,2,3,4,2,monk_2,0
3,2,1,1,1,1,monk_2,0
3,2,1,1,1,2,monk_2,0
3,2,1,1,2,1,monk_2,0
3,2,1,1,2,2,monk_2,1
3,2,1,1,3,1,monk_2,0
3,2,1,1,3,2,monk_2,1
3,2,1,1,4,1,monk_2,0
3,2,1,1,4,2,monk_2,1
3,2,1,2,1,1,monk_2,0
3,2,1,2,1,2,monk_2,1
3,2,1,2,2,1,monk_2,1
3,2,1,2,2,2,monk_2,0
3,2,1,2,3,1,monk_2,1
3,2,1,2,3,2,monk_2,0
3,2,1,2,4,1,monk_2,1
3,2,1,2,4,2,monk_2,0
3,2,1,3,1,1,monk_2,0
3,2,1,3,1,2,monk_2,1
3,2,1,3,2,1,monk_2,1
3,2,1,3,2,2,monk_2,0
3,2,1,3,3,1,monk_2,1
3,2,1,3,3,2,monk_2,0
3,2,1,3,4,1,monk_2,1
3,2,1,3,4,2,monk_2,0
3,2,2,1,1,1,monk_2,0
3,2,2,1,1,2,monk_2,1
3,2,2,1,2,1,monk_2,1
3,2,2,1,2,2,monk_2,0
3,2,2,1,3,1,monk_2,1
3,2,2,1,3,2,monk_2,0
3,2,2,1,4,1,monk_2,1
3,2,2,1,4,2,monk_2,0
3,2,2,2,1,1,monk_2,1
3,2,2,2,1,2,monk_2,0
3,2,2,2,2,1,monk_2,0
3,2,2,2,2,2,monk_2,0
3,2,2,2,3,1,monk_2,0
3,2,2,2,3,2,monk_2,0
3,2,2,2,4,1,monk_2,0
3,2,2,2,4,2,monk_2,0
3,2,2,3,1,1,monk_2,1
3,2,2,3,1,2,monk_2,0
3,2,2,3,2,1,monk_2,0
3,2,2,3,2,2,monk_2,0
3,2,2,3,3,1,monk_2,0
3,2,2,3,3,2,monk_2,0
3,2,2,3,4,1,monk_2,0
3,2,2,3,4,2,monk_2,0
3,3,1,1,1,1,monk_2,0
3,3,1,1,1,2,monk_2,0
3,3,1,1,2,1,monk_2,0
3,3,1,1,2,2,monk_2,1
3,3,1,1,3,1,monk_2,0
3,3,1,1,3,2,monk_2,1
3,3,1,1,4,1,monk_2,0
3,3,1,1,4,2,monk_2,1
3,3,1,2,1,1,monk_2,0
3,3,1,2,1,2,monk_2,1
3,3,1,2,2,1,monk_2,1
3,3,1,2,2,2,monk_2,0
3,3,1,2,3,1,monk_2,1
3,3,1,2,3,2,monk_2,0
3,3,1,2,4,1,monk_2,1
3,3,1,2,4,2,monk_2,0
3,3,1,3,1,1,monk_2,0
3,3,1,3,1,2,monk_2,1
3,3,1,3,2,1,monk_2,1
3,3,1,3,2,2,monk_2,0
3,3,1,3,3,1,monk_2,1
3,3,1,3,3,2,monk_2,0
3,3,1,3,4,1,monk_2,1
3,3,1,3,4,2,monk_2,0
3,3,2,1,1,1,monk_2,0
3,3,2,1,1,2,monk_2,1
3,3,2,1,2,1,monk_2,1
3,3,2,1,2,2,monk_2,0
3,3,2,1,3,1,monk_2,1
3,3,2,1,3,2,monk_2,0
3,3,2,1,4,1,monk_2,1
3,3,2,1,4,2,monk_2,0
3,3,2,2,1,1,monk_2,1
3,3,2,2,1,2,monk_2,0
3,3,2,2,2,1,monk_2,0
3,3,2,2,2,2,monk_2,0
3,3,2,2,3,1,monk_2,0
3,3,2,2,3,2,monk_2,0
3,3,2,2,4,1,monk_2,0
3,3,2,2,4,2,monk_2,0
3,3,2,3,1,1,monk_2,1
3,3,2,3,1,2,monk_2,0
3,3,2,3,2,1,monk_2,0
3,3,2,3,2,2,monk_2,0
3,3,2,3,3,1,monk_2,0
3,3,2,3,3,2,monk_2,0
3,3,2,3,4,1,monk_2,0
3,3,2,3,4,2,monk_2,0
1,1,1,1,2,2,monk_2,0
1,1,1,1,4,1,monk_2,0
1,1,1,2,1,1,monk_2,0
1,1,1,2,1,2,monk_2,0
1,1,1,2,2,1,monk_2,0
1,1,1,2,3,1,monk_2,0
1,1,1,2,4,1,monk_2,0
1,1,1,3,2,1,monk_2,0
1,1,1,3,4,1,monk_2,0
1,1,2,1,1,1,monk_2,0
1,1,2,1,1,2,monk_2,0
1,1,2,2,3,1,monk_2,0
1,1,2,2,4,1,monk_2,0
1,1,2,2,4,2,monk_2,1
1,1,2,3,1,2,monk_2,0
1,1,2,3,2,2,monk_2,1
1,2,1,1,1,2,monk_2,0
1,2,1,2,1,2,monk_2,0
1,2,1,2,2,2,monk_2,1
1,2,1,2,3,1,monk_2,0
1,2,1,2,3,2,monk_2,1
1,2,1,2,4,1,monk_2,0
1,2,1,3,1,1,monk_2,0
1,2,1,3,1,2,monk_2,0
1,2,1,3,2,2,monk_2,1
1,2,1,3,3,1,monk_2,0
1,2,1,3,3,2,monk_2,1
1,2,1,3,4,1,monk_2,0
1,2,1,3,4,2,monk_2,1
1,2,2,1,2,1,monk_2,0
1,2,2,1,4,1,monk_2,0
1,2,2,2,3,1,monk_2,1
1,2,2,2,4,1,monk_2,1
1,2,2,3,1,1,monk_2,0
1,2,2,3,1,2,monk_2,1
1,2,2,3,3,1,monk_2,1
1,2,2,3,3,2,monk_2,0
1,2,2,3,4,1,monk_2,1
1,2,2,3,4,2,monk_2,0
1,3,1,1,1,2,monk_2,0
1,3,1,1,2,2,monk_2,0
1,3,1,1,3,1,monk_2,0
1,3,1,1,3,2,monk_2,0
1,3,1,2,2,1,monk_2,0
1,3,1,2,2,2,monk_2,1
1,3,1,2,3,2,monk_2,1
1,3,1,2,4,1,monk_2,0
1,3,1,3,2,2,monk_2,1
1,3,1,3,3,1,monk_2,0
1,3,1,3,4,2,monk_2,1
1,3,2,1,3,1,monk_2,0
1,3,2,1,3,2,monk_2,1
1,3,2,1,4,1,monk_2,0
1,3,2,2,1,2,monk_2,1
1,3,2,2,3,2,monk_2,0
1,3,2,2,4,2,monk_2,0
1,3,2,3,2,1,monk_2,1
2,1,1,1,1,1,monk_2,0
2,1,1,1,2,2,monk_2,0
2,1,1,1,3,1,monk_2,0
2,1,1,2,2,2,monk_2,1
2,1,1,3,1,2,monk_2,0
2,1,1,3,2,2,monk_2,1
2,1,1,3,3,2,monk_2,1
2,1,1,3,4,1,monk_2,0
2,1,2,1,1,1,monk_2,0
2,1,2,1,2,2,monk_2,1
2,1,2,1,4,1,monk_2,0
2,1,2,2,2,1,monk_2,1
2,1,2,2,4,2,monk_2,0
2,1,2,3,1,1,monk_2,0
2,1,2,3,1,2,monk_2,1
2,1,2,3,2,2,monk_2,0
2,1,2,3,3,2,monk_2,0
2,1,2,3,4,2,monk_2,0
2,2,1,1,3,1,monk_2,0
2,2,1,1,4,2,monk_2,1
2,2,1,2,1,1,monk_2,0
2,2,1,2,3,1,monk_2,1
2,2,1,3,3,1,monk_2,1
2,2,1,3,3,2,monk_2,0
2,2,1,3,4,1,monk_2,1
2,2,2,1,1,1,monk_2,0
2,2,2,1,2,2,monk_2,0
2,2,2,1,3,2,monk_2,0
2,2,2,1,4,1,monk_2,1
2,2,2,1,4,2,monk_2,0
2,2,2,2,1,1,monk_2,1
2,2,2,2,2,2,monk_2,0
2,2,2,2,3,1,monk_2,0
2,2,2,3,1,1,monk_2,1
2,2,2,3,2,1,monk_2,0
2,2,2,3,2,2,monk_2,0
2,2,2,3,4,2,monk_2,0
2,3,1,1,1,1,monk_2,0
2,3,1,1,1,2,monk_2,0
2,3,1,1,3,2,monk_2,1
2,3,1,2,1,1,monk_2,0
2,3,1,2,3,1,monk_2,1
2,3,1,2,3,2,monk_2,0
2,3,1,2,4,2,monk_2,0
2,3,1,3,1,2,monk_2,1
2,3,1,3,2,1,monk_2,1
2,3,1,3,4,1,monk_2,1
2,3,2,1,1,2,monk_2,1
2,3,2,1,2,1,monk_2,1
2,3,2,1,3,1,monk_2,1
2,3,2,1,4,2,monk_2,0
2,3,2,2,1,1,monk_2,1
2,3,2,2,2,1,monk_2,0
2,3,2,2,3,2,monk_2,0
2,3,2,3,3,1,monk_2,0
2,3,2,3,3,2,monk_2,0
2,3,2,3,4,2,monk_2,0
3,1,1,1,4,1,monk_2,0
3,1,1,2,1,2,monk_2,0
3,1,1,2,2,2,monk_2,1
3,1,1,2,3,2,monk_2,1
3,1,1,2,4,1,monk_2,0
3,1,1,2,4,2,monk_2,1
3,1,1,3,1,1,monk_2,0
3,1,1,3,1,2,monk_2,0
3,1,1,3,2,2,monk_2,1
3,1,1,3,3,2,monk_2,1
3,1,2,1,1,1,monk_2,0
3,1,2,1,2,2,monk_2,1
3,1,2,1,3,1,monk_2,0
3,1,2,1,3,2,monk_2,1
3,1,2,1,4,1,monk_2,0
3,1,2,1,4,2,monk_2,1
3,1,2,2,2,1,monk_2,1
3,1,2,3,1,2,monk_2,1
3,1,2,3,2,1,monk_2,1
3,1,2,3,2,2,monk_2,0
3,1,2,3,4,2,monk_2,0
3,2,1,1,1,2,monk_2,0
3,2,1,1,2,2,monk_2,1
3,2,1,1,3,1,monk_2,0
3,2,1,1,3,2,monk_2,1
3,2,1,2,1,2,monk_2,1
3,2,1,2,2,1,monk_2,1
3,2,1,3,1,1,monk_2,0
3,2,1,3,2,1,monk_2,1
3,2,1,3,3,1,monk_2,1
3,2,1,3,3,2,monk_2,0
3,2,2,1,1,1,monk_2,0
3,2,2,1,2,2,monk_2,0
3,2,2,1,3,1,monk_2,1
3,2,2,1,3,2,monk_2,0
3,2,2,2,1,1,monk_2,1
3,2,2,2,2,1,monk_2,0
3,2,2,2,2,2,monk_2,0
3,2,2,2,3,2,monk_2,0
3,2,2,3,1,1,monk_2,1
3,2,2,3,3,2,monk_2,0
3,2,2,3,4,2,monk_2,0
3,3,1,1,1,1,monk_2,0
3,3,1,1,2,1,monk_2,0
3,3,1,1,3,1,monk_2,0
3,3,1,1,3,2,monk_2,1
3,3,1,2,3,2,monk_2,0
3,3,2,1,1,1,monk_2,0
3,3,2,2,1,1,monk_2,1
3,3,2,2,2,1,monk_2,0
3,3,2,2,3,1,monk_2,0
3,3,2,2,3,2,monk_2,0
3,3,2,3,1,1,monk_2,1
3,3,2,3,2,1,monk_2,0
3,3,2,3,4,2,monk_2,0
1,1,1,1,1,1,monk_3,1
1,1,1,1,1,2,monk_3,1
1,1,1,1,2,1,monk_3,1
1,1,1,1,2,2,monk_3,1
1,1,1,1,3,1,monk_3,1
1,1,1,1,3,2,monk_3,1
1,1,1,1,4,1,monk_3,0
1,1,1,1,4,2,monk_3,0
1,1,1,2,1,1,monk_3,1
1,1,1,2,1,2,monk_3,1
1,1,1,2,2,1,monk_3,1
1,1,1,2,2,2,monk_3,1
1,1,1,2,3,1,monk_3,1
1,1,1,2,3,2,monk_3,1
1,1,1,2,4,1,monk_3,0
1,1,1,2,4,2,monk_3,0
1,1,1,3,1,1,monk_3,1
1,1,1,3,1,2,monk_3,1
1,1,1,3,2,1,monk_3,1
1,1,1,3,2,2,monk_3,1
1,1,1,3,3,1,monk_3,1
1,1,1,3,3,2,monk_3,1
1,1,1,3,4,1,monk_3,0
1,1,1,3,4,2,monk_3,0
1,1,2,1,1,1,monk_3,1
1,1,2,1,1,2,monk_3,1
1,1,2,1,2,1,monk_3,1
1,1,2,1,2,2,monk_3,1
1,1,2,1,3,1,monk_3,1
1,1,2,1,3,2,monk_3,1
1,1,2,1,4,1,monk_3,0
1,1,2,1,4,2,monk_3,0
1,1,2,2,1,1,monk_3,1
1,1,2,2,1,2,monk_3,1
1,1,2,2,2,1,monk_3,1
1,1,2,2,2,2,monk_3,1
1,1,2,2,3,1,monk_3,1
1,1,2,2,3,2,monk_3,1
1,1,2,2,4,1,monk_3,0
1,1,2,2,4,2,monk_3,0
1,1,2,3,1,1,monk_3,1
1,1,2,3,1,2,monk_3,1
1,1,2,3,2,1,monk_3,1
1,1,2,3,2,2,monk_3,1
1,1,2,3,3,1,monk_3,1
1,1,2,3,3,2,monk_3,1
1,1,2,3,4,1,monk_3,0
1,1,2,3,4,2,monk_3,0
1,2,1,1,1,1,monk_3,1
1,2,1,1,1,2,monk_3,1
1,2,1,1,2,1,monk_3,1
1,2,1,1,2,2,monk_3,1
1,2,1,1,3,1,monk_3,1
1,2,1,1,3,2,monk_3,1
1,2,1,1,4,1,monk_3,0
1,2,1,1,4,2,monk_3,0
1,2,1,2,1,1,monk_3,1
1,2,1,2,1,2,monk_3,1
1,2,1,2,2,1,monk_3,1
1,2,1,2,2,2,monk_3,1
1,2,1,2,3,1,monk_3,1
1,2,1,2,3,2,monk_3,1
1,2,1,2,4,1,monk_3,0
1,2,1,2,4,2,monk_3,0
1,2,1,3,1,1,monk_3,1
1,2,1,3,1,2,monk_3,1
1,2,1,3,2,1,monk_3,1
1,2,1,3,2,2,monk_3,1
1,2,1,3,3,1,monk_3,1
1,2,1,3,3,2,monk_3,1
1,2,1,3,4,1,monk_3,0
1,2,1,3,4,2,monk_3,0
1,2,2,1,1,1,monk_3,1
1,2,2,1,1,2,monk_3,1
1,2,2,1,2,1,monk_3,1
1,2,2,1,2,2,monk_3,1
1,2,2,1,3,1,monk_3,1
1,2,2,1,3,2,monk_3,1
1,2,2,1,4,1,monk_3,0
1,2,2,1,4,2,monk_3,0
1,2,2,2,1,1,monk_3,1
1,2,2,2,1,2,monk_3,1
1,2,2,2,2,1,monk_3,1
1,2,2,2,2,2,monk_3,1
1,2,2,2,3,1,monk_3,1
1,2,2,2,3,2,monk_3,1
1,2,2,2,4,1,monk_3,0
1,2,2,2,4,2,monk_3,0
1,2,2,3,1,1,monk_3,1
1,2,2,3,1,2,monk_3,1
1,2,2,3,2,1,monk_3,1
1,2,2,3,2,2,monk_3,1
1,2,2,3,3,1,monk_3,1
1,2,2,3,3,2,monk_3,1
1,2,2,3,4,1,monk_3,0
1,2,2,3,4,2,monk_3,0
1,3,1,1,1,1,monk_3,0
1,3,1,1,1,2,monk_3,0
1,3,1,1,2,1,monk_3,0
1,3,1,1,2,2,monk_3,0
1,3,1,1,3,1,monk_3,1
1,3,1,1,3,2,monk_3,1
1,3,1,1,4,1,monk_3,0
1,3,1,1,4,2,monk_3,0
1,3,1,2,1,1,monk_3,0
1,3,1,2,1,2,monk_3,0
1,3,1,2,2,1,monk_3,0
1,3,1,2,2,2,monk_3,0
1,3,1,2,3,1,monk_3,0
1,3,1,2,3,2,monk_3,0
1,3,1,2,4,1,monk_3,0
1,3,1,2,4,2,monk_3,0
1,3,1,3,1,1,monk_3,0
1,3,1,3,1,2,monk_3,0
1,3,1,3,2,1,monk_3,0
1,3,1,3,2,2,monk_3,0
1,3,1,3,3,1,monk_3,0
1,3,1,3,3,2,monk_3,0
1,3,1,3,4,1,monk_3,0
1,3,1,3,4,2,monk_3,0
1,3,2,1,1,1,monk_3,0
1,3,2,1,1,2,monk_3,0
1,3,2,1,2,1,monk_3,0
1,3,2,1,2,2,monk_3,0
1,3,2,1,3,1,monk_3,1
1,3,2,1,3,2,monk_3,1
1,3,2,1,4,1,monk_3,0
1,3,2,1,4,2,monk_3,0
1,3,2,2,1,1,monk_3,0
1,3,2,2,1,2,monk_3,0
1,3,2,2,2,1,monk_3,0
1,3,2,2,2,2,monk_3,0
1,3,2,2,3,1,monk_3,0
1,3,2,2,3,2,monk_3,0
1,3,2,2,4,1,monk_3,0
1,3,2,2,4,2,monk_3,0
1,3,2,3,1,1,monk_3,0
1,3,2,3,1,2,monk_3,0
1,3,2,3,2,1,monk_3,0
1,3,2,3,2,2,monk_3,0
1,3,2,3,3,1,monk_3,0
1,3,2,3,3,2,monk_3,0
1,3,2,3,4,1,monk_3,0
1,3,2,3,4,2,monk_3,0
2,1,1,1,1,1,monk_3,1
2,1,1,1,1,2,monk_3,1
2,1,1,1,2,1,monk_3,1
2,1,1,1,2,2,monk_3,1
2,1,1,1,3,1,monk_3,1
2,1,1,1,3,2,monk_3,1
2,1,1,1,4,1,monk_3,0
2,1,1,1,4,2,monk_3,0
2,1,1,2,1,1,monk_3,1
2,1,1,2,1,2,monk_3,1
2,1,1,2,2,1,monk_3,1
2,1,1,2,2,2,monk_3,1
2,1,1,2,3,1,monk_3,1
2,1,1,2,3,2,monk_3,1
2,1,1,2,4,1,monk_3,0
2,1,1,2,4,2,monk_3,0
2,1,1,3,1,1,monk_3,1
2,1,1,3,1,2,monk_3,1
2,1,1,3,2,1,monk_3,1
2,1,1,3,2,2,monk_3,1
2,1,1,3,3,1,monk_3,1
2,1,1,3,3,2,monk_3,1
2,1,1,3,4,1,monk_3,0
2,1,1,3,4,2,monk_3,0
2,1,2,1,1,1,monk_3,1
2,1,2,1,1,2,monk_3,1
2,1,2,1,2,1,monk_3,1
2,1,2,1,2,2,monk_3,1
2,1,2,1,3,1,monk_3,1
2,1,2,1,3,2,monk_3,1
2,1,2,1,4,1,monk_3,0
2,1,2,1,4,2,monk_3,0
2,1,2,2,1,1,monk_3,1
2,1,2,2,1,2,monk_3,1
2,1,2,2,2,1,monk_3,1
2,1,2,2,2,2,monk_3,1
2,1,2,2,3,1,monk_3,1
2,1,2,2,3,2,monk_3,1
2,1,2,2,4,1,monk_3,0
2,1,2,2,4,2,monk_3,0
2,1,2,3,1,1,monk_3,1
2,1,2,3,1,2,monk_3,1
2,1,2,3,2,1,monk_3,1
2,1,2,3,2,2,monk_3,1
2,1,2,3,3,1,monk_3,1
2,1,2,3,3,2,monk_3,1
2,1,2,3,4,1,monk_3,0
2,1,2,3,4,2,monk_3,0
2,2,1,1,1,1,monk_3,1
2,2,1,1,1,2,monk_3,1
2,2,1,1,2,1,monk_3,1
2,2,1,1,2,2,monk_3,1
2,2,1,1,3,1,monk_3,1
2,2,1,1,3,2,monk_3,1
2,2,1,1,4,1,monk_3,0
2,2,1,1,4,2,monk_3,0
2,2,1,2,1,1,monk_3,1
2,2,1,2,1,2,monk_3,1
2,2,1,2,2,1,monk_3,1
2,2,1,2,2,2,monk_3,1
2,2,1,2,3,1,monk_3,1
2,2,1,2,3,2,monk_3,1
2,2,1,2,4,1,monk_3,0
2,2,1,2,4,2,monk_3,0
2,2,1,3,1,1,monk_3,1
2,2,1,3,1,2,monk_3,1
2,2,1,3,2,1,monk_3,1
2,2,1,3,2,2,monk_3,1
2,2,1,3,3,1,monk_3,1
2,2,1,3,3,2,monk_3,1
2,2,1,3,4,1,monk_3,0
2,2,1,3,4,2,monk_3,0
2,2,2,1,1,1,monk_3,1
2,2,2,1,1,2,monk_3,1
2,2,2,1,2,1,monk_3,1
2,2,2,1,2,2,monk_3,1
2,2,2,1,3,1,monk_3,1
2,2,2,1,3,2,monk_3,1
2,2,2,1,4,1,monk_3,0
2,2,2,1,4,2,monk_3,0
2,2,2,2,1,1,monk_3,1
2,2,2,2,1,2,monk_3,1
2,2,2,2,2,1,monk_3,1
2,2,2,2,2,2,monk_3,1
2,2,2,2,3,1,monk_3,1
2,2,2,2,3,2,monk_3,1
2,2,2,2,4,1,monk_3,0
2,2,2,2,4,2,monk_3,0
2,2,2,3,1,1,monk_3,1
2,2,2,3,1,2,monk_3,1
2,2,2,3,2,1,monk_3,1
2,2,2,3,2,2,monk_3,1
2,2,2,3,3,1,monk_3,1
2,2,2,3,3,2,monk_3,1
2,2,2,3,4,1,monk_3,0
2,2,2,3,4,2,monk_3,0
2,3,1,1,1,1,monk_3,0
2,3,1,1,1,2,monk_3,0
2,3,1,1,2,1,monk_3,0
2,3,1,1,2,2,monk_3,0
2,3,1,1,3,1,monk_3,1
2,3,1,1,3,2,monk_3,1
2,3,1,1,4,1,monk_3,0
2,3,1,1,4,2,monk_3,0
2,3,1,2,1,1,monk_3,0
2,3,1,2,1,2,monk_3,0
2,3,1,2,2,1,monk_3,0
2,3,1,2,2,2,monk_3,0
2,3,1,2,3,1,monk_3,0
2,3,1,2,3,2,monk_3,0
2,3,1,2,4,1,monk_3,0
2,3,1,2,4,2,monk_3,0
2,3,1,3,1,1,monk_3,0
2,3,1,3,1,2,monk_3,0
2,3,1,3,2,1,monk_3,0
2,3,1,3,2,2,monk_3,0
2,3,1,3,3,1,monk_3,0
2,3,1,3,3,2,monk_3,0
2,3,1,3,4,1,monk_3,0
2,3,1,3,4,2,monk_3,0
2,3,2,1,1,1,monk_3,0
2,3,2,1,1,2,monk_3,0
2,3,2,1,2,1,monk_3,0
2,3,2,1,2,2,monk_3,0
2,3,2,1,3,1,monk_3,1
2,3,2,1,3,2,monk_3,1
2,3,2,1,4,1,monk_3,0
2,3,2,1,4,2,monk_3,0
2,3,2,2,1,1,monk_3,0
2,3,2,2,1,2,monk_3,0
2,3,2,2,2,1,monk_3,0
2,3,2,2,2,2,monk_3,0
2,3,2,2,3,1,monk_3,0
2,3,2,2,3,2,monk_3,0
2,3,2,2,4,1,monk_3,0
2,3,2,2,4,2,monk_3,0
2,3,2,3,1,1,monk_3,0
2,3,2,3,1,2,monk_3,0
2,3,2,3,2,1,monk_3,0
2,3,2,3,2,2,monk_3,0
2,3,2,3,3,1,monk_3,0
2,3,2,3,3,2,monk_3,0
2,3,2,3,4,1,monk_3,0
2,3,2,3,4,2,monk_3,0
3,1,1,1,1,1,monk_3,1
3,1,1,1,1,2,monk_3,1
3,1,1,1,2,1,monk_3,1
3,1,1,1,2,2,monk_3,1
3,1,1,1,3,1,monk_3,1
3,1,1,1,3,2,monk_3,1
3,1,1,1,4,1,monk_3,0
3,1,1,1,4,2,monk_3,0
3,1,1,2,1,1,monk_3,1
3,1,1,2,1,2,monk_3,1
3,1,1,2,2,1,monk_3,1
3,1,1,2,2,2,monk_3,1
3,1,1,2,3,1,monk_3,1
3,1,1,2,3,2,monk_3,1
3,1,1,2,4,1,monk_3,0
3,1,1,2,4,2,monk_3,0
3,1,1,3,1,1,monk_3,1
3,1,1,3,1,2,monk_3,1
3,1,1,3,2,1,monk_3,1
3,1,1,3,2,2,monk_3,1
3,1,1,3,3,1,monk_3,1
3,1,1,3,3,2,monk_3,1
3,1,1,3,4,1,monk_3,0
3,1,1,3,4,2,monk_3,0
3,1,2,1,1,1,monk_3,1
3,1,2,1,1,2,monk_3,1
3,1,2,1,2,1,monk_3,1
3,1,2,1,2,2,monk_3,1
3,1,2,1,3,1,monk_3,1
3,1,2,1,3,2,monk_3,1
3,1,2,1,4,1,monk_3,0
3,1,2,1,4,2,monk_3,0
3,1,2,2,1,1,monk_3,1
3,1,2,2,1,2,monk_3,1
3,1,2,2,2,1,monk_3,1
3,1,2,2,2,2,monk_3,1
3,1,2,2,3,1,monk_3,1
3,1,2,2,3,2,monk_3,1
3,1,2,2,4,1,monk_3,0
3,1,2,2,4,2,monk_3,0
3,1,2,3,1,1,monk_3,1
3,1,2,3,1,2,monk_3,1
3,1,2,3,2,1,monk_3,1
3,1,2,3,2,2,monk_3,1
3,1,2,3,3,1,monk_3,1
3,1,2,3,3,2,monk_3,1
3,1,2,3,4,1,monk_3,0
3,1,2,3,4,2,monk_3,0
3,2,1,1,1,1,monk_3,1
3,2,1,1,1,2,monk_3,1
3,2,1,1,2,1,monk_3,1
3,2,1,1,2,2,monk_3,1
3,2,1,1,3,1,monk_3,1
3,2,1,1,3,2,monk_3,1
3,2,1,1,4,1,monk_3,0
3,2,1,1,4,2,monk_3,0
3,2,1,2,1,1,monk_3,1
3,2,1,2,1,2,monk_3,1
3,2,1,2,2,1,monk_3,1
3,2,1,2,2,2,monk_3,1
3,2,1,2,3,1,monk_3,1
3,2,1,2,3,2,monk_3,1
3,2,1,2,4,1,monk_3,0
3,2,1,2,4,2,monk_3,0
3,2,1,3,1,1,monk_3,1
3,2,1,3,1,2,monk_3,1
3,2,1,3,2,1,monk_3,1
3,2,1,3,2,2,monk_3,1
3,2,1,3,3,1,monk_3,1
3,2,1,3,3,2,monk_3,1
3,2,1,3,4,1,monk_3,0
3,2,1,3,4,2,monk_3,0
3,2,2,1,1,1,monk_3,1
3,2,2,1,1,2,monk_3,1
3,2,2,1,2,1,monk_3,1
3,2,2,1,2,2,monk_3,1
3,2,2,1,3,1,monk_3,1
3,2,2,1,3,2,monk_3,1
3,2,2,1,4,1,monk_3,0
3,2,2,1,4,2,monk_3,0
3,2,2,2,1,1,monk_3,1
3,2,2,2,1,2,monk_3,1
3,2,2,2,2,1,monk_3,1
3,2,2,2,2,2,monk_3,1
3,2,2,2,3,1,monk_3,1
3,2,2,2,3,2,monk_3,1
3,2,2,2,4,1,monk_3,0
3,2,2,2,4,2,monk_3,0
3,2,2,3,1,1,monk_3,1
3,2,2,3,1,2,monk_3,1
3,2,2,3,2,1,monk_3,1
3,2,2,3,2,2,monk_3,1
3,2,2,3,3,1,monk_3,1
3,2,2,3,3,2,monk_3,1
3,2,2,3,4,1,monk_3,0
3,2,2,3,4,2,monk_3,0
3,3,1,1,1,1,monk_3,0
3,3,1,1,1,2,monk_3,0
3,3,1,1,2,1,monk_3,0
3,3,1,1,2,2,monk_3,0
3,3,1,1,3,1,monk_3,1
3,3,1,1,3,2,monk_3,1
3,3,1,1,4,1,monk_3,0
3,3,1,1,4,2,monk_3,0
3,3,1,2,1,1,monk_3,0
3,3,1,2,1,2,monk_3,0
3,3,1,2,2,1,monk_3,0
3,3,1,2,2,2,monk_3,0
3,3,1,2,3,1,monk_3,0
3,3,1,2,3,2,monk_3,0
3,3,1,2,4,1,monk_3,0
3,3,1,2,4,2,monk_3,0
3,3,1,3,1,1,monk_3,0
3,3,1,3,1,2,monk_3,0
3,3,1,3,2,1,monk_3,0
3,3,1,3,2,2,monk_3,0
3,3,1,3,3,1,monk_3,0
3,3,1,3,3,2,monk_3,0
3,3,1,3,4,1,monk_3,0
3,3,1,3,4,2,monk_3,0
3,3,2,1,1,1,monk_3,0
3,3,2,1,1,2,monk_3,0
3,3,2,1,2,1,monk_3,0
3,3,2,1,2,2,monk_3,0
3,3,2,1,3,1,monk_3,1
3,3,2,1,3,2,monk_3,1
3,3,2,1,4,1,monk_3,0
3,3,2,1,4,2,monk_3,0
3,3,2,2,1,1,monk_3,0
3,3,2,2,1,2,monk_3,0
3,3,2,2,2,1,monk_3,0
3,3,2,2,2,2,monk_3,0
3,3,2,2,3,1,monk_3,0
3,3,2,2,3,2,monk_3,0
3,3,2,2,4,1,monk_3,0
3,3,2,2,4,2,monk_3,0
3,3,2,3,1,1,monk_3,0
3,3,2,3,1,2,monk_3,0
3,3,2,3,2,1,monk_3,0
3,3,2,3,2,2,monk_3,0
3,3,2,3,3,1,monk_3,0
3,3,2,3,3,2,monk_3,0
3,3,2,3,4,1,monk_3,0
3,3,2,3,4,2,monk_3,0
1,1,1,1,1,2,monk_3,1
1,1,1,1,2,1,monk_3,1
1,1,1,1,2,2,monk_3,1
1,1,1,1,3,1,monk_3,0
1,1,1,1,4,1,monk_3,0
1,1,1,2,1,1,monk_3,1
1,1,1,2,2,2,monk_3,1
1,1,1,2,4,2,monk_3,0
1,1,2,1,2,2,monk_3,1
1,1,2,1,4,2,monk_3,0
1,1,2,2,2,2,monk_3,1
1,1,2,2,4,1,monk_3,0
1,1,2,2,4,2,monk_3,0
1,1,2,3,1,1,monk_3,1
1,1,2,3,1,2,monk_3,1
1,1,2,3,3,1,monk_3,1
1,1,2,3,3,2,monk_3,1
1,2,1,1,3,1,monk_3,1
1,2,1,2,2,1,monk_3,1
1,2,1,2,2,2,monk_3,1
1,2,1,2,3,1,monk_3,0
1,2,1,3,1,1,monk_3,1
1,2,1,3,1,2,monk_3,1
1,2,1,3,2,1,monk_3,1
1,2,1,3,2,2,monk_3,1
1,2,1,3,3,2,monk_3,1
1,2,1,3,4,1,monk_3,0
1,2,2,1,3,1,monk_3,1
1,2,2,1,4,2,monk_3,0
1,2,2,2,1,1,monk_3,1
1,2,2,2,2,1,monk_3,1
1,2,2,2,2,2,monk_3,1
1,2,2,3,1,1,monk_3,1
1,2,2,3,2,1,monk_3,1
1,2,2,3,2,2,monk_3,1
1,3,1,1,2,1,monk_3,0
1,3,1,1,4,1,monk_3,0
1,3,1,2,3,2,monk_3,0
1,3,1,2,4,1,monk_3,0
1,3,1,3,1,1,monk_3,0
1,3,1,3,3,1,monk_3,0
1,3,2,1,1,1,monk_3,0
1,3,2,1,1,2,monk_3,0
1,3,2,1,2,1,monk_3,0
1,3,2,1,4,2,monk_3,0
1,3,2,2,3,2,monk_3,0
1,3,2,2,4,2,monk_3,0
1,3,2,3,4,1,monk_3,0
2,1,1,1,1,1,monk_3,1
2,1,1,1,1,2,monk_3,1
2,1,1,1,4,1,monk_3,0
2,1,1,1,4,2,monk_3,0
2,1,1,2,1,1,monk_3,1
2,1,1,2,1,2,monk_3,1
2,1,1,3,2,2,monk_3,1
2,1,1,3,3,2,monk_3,1
2,1,1,3,4,1,monk_3,0
2,1,2,1,2,2,monk_3,1
2,1,2,2,4,1,monk_3,0
2,1,2,3,1,2,monk_3,1
2,2,1,1,3,2,monk_3,1
2,2,1,1,4,2,monk_3,0
2,2,1,2,1,2,monk_3,1
2,2,1,2,2,1,monk_3,0
2,2,1,3,1,1,monk_3,1
2,2,1,3,2,2,monk_3,1
2,2,1,3,3,1,monk_3,0
2,2,1,3,3,2,monk_3,0
2,2,1,3,4,2,monk_3,0
2,2,2,1,2,2,monk_3,1
2,2,2,2,1,2,monk_3,1
2,2,2,2,3,1,monk_3,1
2,2,2,2,3,2,monk_3,1
2,2,2,3,4,1,monk_3,0
2,3,1,1,3,1,monk_3,1
2,3,1,2,1,1,monk_3,0
2,3,1,2,2,1,monk_3,0
2,3,1,2,2,2,monk_3,0
2,3,1,2,3,2,monk_3,0
2,3,1,3,3,1,monk_3,0
2,3,2,1,1,2,monk_3,0
2,3,2,1,2,2,monk_3,0
2,3,2,1,4,1,monk_3,0
2,3,2,2,3,1,monk_3,0
2,3,2,2,4,2,monk_3,0
2,3,2,3,1,1,monk_3,0
2,3,2,3,2,1,monk_3,0
2,3,2,3,4,2,monk_3,0
3,1,1,1,1,1,monk_3,1
3,1,1,1,2,1,monk_3,1
3,1,1,1,3,1,monk_3,1
3,1,1,2,4,2,monk_3,0
3,1,1,3,1,2,monk_3,1
3,1,1,3,4,2,monk_3,0
3,1,2,1,2,1,monk_3,1
3,1,2,2,3,2,monk_3,1
3,1,2,2,4,2,monk_3,0
3,1,2,3,1,1,monk_3,1
3,2,1,1,2,2,monk_3,1
3,2,1,1,4,1,monk_3,0
3,2,1,2,3,1,monk_3,1
3,2,1,3,1,2,monk_3,1
3,2,2,1,2,2,monk_3,1
3,2,2,1,3,2,monk_3,1
3,2,2,2,1,2,monk_3,1
3,2,2,3,1,1,monk_3,1
3,2,2,3,3,2,monk_3,1
3,2,2,3,4,1,monk_3,0
3,3,1,1,3,2,monk_3,1
3,3,1,1,4,1,monk_3,1
3,3,1,2,4,2,monk_3,0
3,3,1,3,1,1,monk_3,0
3,3,1,3,2,1,monk_3,0
3,3,1,3,2,2,monk_3,0
3,3,1,3,4,1,monk_3,0
3,3,2,1,1,1,monk_3,0
3,3,2,1,1,2,monk_3,0
3,3,2,2,2,2,monk_3,0
3,3,2,2,3,2,monk_3,0
3,3,2,3,1,1,monk_3,0
3,3,2,3,3,2,monk_3,0
3,3,2,3,4,2,monk_3,0
